[
  {
    "line": 2,
    "elements": [
      {
        "line": 4,
        "name": "Valid User Registration",
        "description": "",
        "id": "blueskycitadelregistration;valid-user-registration",
        "type": "scenario",
        "keyword": "Scenario",
        "steps": [
          {
            "result": {
              "duration": 11489149394,
              "status": "passed"
            },
            "line": 5,
            "name": "I navigate to Blue sky citadel website",
            "match": {
              "location": "Registration.i_navigate_to_Blue_sky_citadel_website()"
            },
            "keyword": "Given "
          },
          {
            "result": {
              "duration": 252637680,
              "status": "passed"
            },
            "line": 6,
            "name": "I enter the first name",
            "match": {
              "location": "Registration.i_enter_the_first_name()"
            },
            "keyword": "When "
          },
          {
            "result": {
              "duration": 133506600,
              "status": "passed"
            },
            "line": 7,
            "name": "I enter the last name",
            "match": {
              "location": "Registration.i_enter_the_last_name()"
            },
            "keyword": "And "
          },
          {
            "result": {
              "duration": 255446034,
              "status": "passed"
            },
            "line": 8,
            "name": "I enter the email address",
            "match": {
              "location": "Registration.i_enter_the_email_address()"
            },
            "keyword": "And "
          },
          {
            "result": {
              "duration": 366089657,
              "status": "passed"
            },
            "line": 9,
            "name": "i confirm my email address",
            "match": {
              "location": "Registration.i_confirm_my_email_address()"
            },
            "keyword": "And "
          },
          {
            "result": {
              "duration": 103998979,
              "status": "passed"
            },
            "line": 10,
            "name": "I choose my gender",
            "match": {
              "location": "Registration.i_choose_my_gender()"
            },
            "keyword": "And "
          },
          {
            "result": {
              "duration": 108541360,
              "status": "passed"
            },
            "line": 11,
            "name": "I choose my age",
            "match": {
              "location": "Registration.i_choose_my_age()"
            },
            "keyword": "And "
          },
          {
            "result": {
              "duration": 349636096,
              "status": "passed"
            },
            "line": 12,
            "name": "I enter my address",
            "match": {
              "location": "Registration.i_enter_my_address()"
            },
            "keyword": "And "
          },
          {
            "result": {
              "duration": 77119494,
              "status": "passed"
            },
            "line": 13,
            "name": "I click on the Register button",
            "match": {
              "location": "Registration.i_click_on_the_Register_button()"
            },
            "keyword": "And "
          },
          {
            "result": {
              "duration": 1803816,
              "error_message": "cucumber.api.PendingException: TODO: implement me\r\n\tat bindings.Registration.i_am_registered(Registration.java:84)\r\n\tat ✽.Then I am registered(registration.feature:14)\r\n",
              "status": "pending"
            },
            "line": 14,
            "name": "I am registered",
            "match": {
              "location": "Registration.i_am_registered()"
            },
            "keyword": "Then "
          }
        ]
      }
    ],
    "name": "BlueskycitadelRegistration",
    "description": "",
    "id": "blueskycitadelregistration",
    "keyword": "Feature",
    "uri": "registration.feature",
    "tags": [
      {
        "line": 1,
        "name": "@run"
      }
    ]
  }
]